index, value
0, 0.840188
1, 0.394383
2, 0.783099
